Driver,Car,Year
Valtteri Bottas BOT,MER,2019
Lewis Hamilton HAM,MER,2019
Max Verstappen VER,RED,2019
Sebastian Vettel VET,FER,2019
Charles Leclerc LEC,FER,2019
Kevin Magnussen MAG,HAA,2019
Nico Hulkenberg HUL,REN,2019
Kimi Räikkönen RAI,ALF,2019
Lance Stroll STR,RAC,2019
Daniil Kvyat KVY,SCU,2019
Pierre Gasly GAS,RED,2019
Lando Norris NOR,MCL,2019
Sergio Perez PER,RAC,2019
Alexander Albon ALB,SCU,2019
Antonio Giovinazzi GIO,ALF,2019
George Russell RUS,WIL,2019
Robert Kubica KUB,WIL,2019
Romain Grosjean GRO,HAA,2019
Daniel Ricciardo RIC,REN,2019
Carlos Sainz SAI,MCL,2019
Sebastian Vettel VET,FER,2018
Lewis Hamilton HAM,MER,2018
Kimi Räikkönen RAI,FER,2018
Daniel Ricciardo RIC,RED,2018
Fernando Alonso ALO,MCL,2018
Max Verstappen VER,RED,2018
Nico Hulkenberg HUL,REN,2018
Valtteri Bottas BOT,MER,2018
Stoffel Vandoorne VAN,MCL,2018
Carlos Sainz SAI,REN,2018
Sergio Perez PER,FOR,2018
Esteban Ocon OCO,FOR,2018
Charles Leclerc LEC,SAU,2018
Lance Stroll STR,WIL,2018
Brendon Hartley HAR,SCU,2018
Romain Grosjean GRO,HAA,2018
Kevin Magnussen MAG,HAA,2018
Pierre Gasly GAS,SCU,2018
Marcus Ericsson ERI,SAU,2018
Sergey Sirotkin SIR,WIL,2018
Sebastian Vettel VET,FER,2017
Lewis Hamilton HAM,MER,2017
Valtteri Bottas BOT,MER,2017
Kimi Räikkönen RAI,FER,2017
Max Verstappen VER,RED,2017
Felipe Massa MAS,WIL,2017
Sergio Perez PER,FOR,2017
Carlos Sainz SAI,TOR,2017
Daniil Kvyat KVY,TOR,2017
Esteban Ocon OCO,FOR,2017
Nico Hulkenberg HUL,REN,2017
Antonio Giovinazzi GIO,SAU,2017
Stoffel Vandoorne VAN,MCL,2017
Fernando Alonso ALO,MCL,2017
Kevin Magnussen MAG,HAA,2017
Lance Stroll STR,WIL,2017
Daniel Ricciardo RIC,RED,2017
Marcus Ericsson ERI,SAU,2017
Jolyon Palmer PAL,REN,2017
Romain Grosjean GRO,HAA,2017
Pascal Wehrlein WEH,SAU,2017
Jenson Button BUT,MCL,2017
Paul di Resta DIR,WIL,2017
Pierre Gasly GAS,TOR,2017
Brendon Hartley HAR,TOR,2017
Nico Rosberg ROS,MER,2016
Lewis Hamilton HAM,MER,2016
Sebastian Vettel VET,FER,2016
Daniel Ricciardo RIC,RED,2016
Felipe Massa MAS,WIL,2016
Romain Grosjean GRO,HAA,2016
Nico Hulkenberg HUL,FOR,2016
Valtteri Bottas BOT,WIL,2016
Carlos Sainz SAI,TOR,2016
Max Verstappen VER,TOR,2016
Jolyon Palmer PAL,REN,2016
Kevin Magnussen MAG,REN,2016
Sergio Perez PER,FOR,2016
Jenson Button BUT,MCL,2016
Felipe Nasr NAS,SAU,2016
Pascal Wehrlein WEH,MRT,2016
Marcus Ericsson ERI,SAU,2016
Kimi Räikkönen RAI,FER,2016
Rio Haryanto HAR,MRT,2016
Esteban Gutierrez GUT,HAA,2016
Fernando Alonso ALO,MCL,2016
Daniil Kvyat KVY,RED,2016
Stoffel Vandoorne VAN,MCL,2016
Esteban Ocon OCO,MRT,2016
Lewis Hamilton HAM,MER,2015
Nico Rosberg ROS,MER,2015
Sebastian Vettel VET,FER,2015
Felipe Massa MAS,WIL,2015
Felipe Nasr NAS,SAU,2015
Daniel Ricciardo RIC,RED,2015
Nico Hulkenberg HUL,FOR,2015
Marcus Ericsson ERI,SAU,2015
Carlos Sainz SAI,STR,2015
Sergio Perez PER,FOR,2015
Jenson Button BUT,MCL,2015
Kimi Räikkönen RAI,FER,2015
Max Verstappen VER,STR,2015
Romain Grosjean GRO,LOT,2015
Pastor Maldonado MAL,LOT,2015
Daniil Kvyat KVY,RED,2015
Kevin Magnussen MAG,MCL,2015
Fernando Alonso ALO,MCL,2015
Roberto Merhi MER,MAR,2015
Valtteri Bottas BOT,WIL,2015
Will Stevens STE,MAR,2015
Alexander Rossi RSI,MAR,2015
Nico Rosberg ROS,MER,2014
Daniel Ricciardo RIC,RED,2014
Kevin Magnussen MAG,MCL,2014
Jenson Button BUT,MCL,2014
Fernando Alonso ALO,FER,2014
Valtteri Bottas BOT,WIL,2014
Nico Hulkenberg HUL,FOR,2014
Kimi Räikkönen RAI,FER,2014
Jean-Eric Vergne VER,STR,2014
Daniil Kvyat KVY,STR,2014
Sergio Perez PER,FOR,2014
Adrian Sutil SUT,SAU,2014
Esteban Gutierrez GUT,SAU,2014
Max Chilton CHI,MAR,2014
Jules Bianchi BIA,MAR,2014
Romain Grosjean GRO,LOT,2014
Pastor Maldonado MAL,LOT,2014
Marcus Ericsson ERI,CAT,2014
Sebastian Vettel VET,RED,2014
Lewis Hamilton HAM,MER,2014
Felipe Massa MAS,WIL,2014
Kamui Kobayashi KOB,CAT,2014
Andre Lotterer LOT,CAT,2014
Will Stevens STE,CAT,2014
Kimi Räikkönen RAI,LOT,2013
Fernando Alonso ALO,FER,2013
Sebastian Vettel VET,RED,2013
Felipe Massa MAS,FER,2013
Lewis Hamilton HAM,MER,2013
Mark Webber WEB,RED,2013
Adrian Sutil SUT,FOR,2013
Paul di Resta DIR,FOR,2013
Jenson Button BUT,MCL,2013
Romain Grosjean GRO,LOT,2013
Sergio Perez PER,MCL,2013
Jean-Eric Vergne VER,STR,2013
Esteban Gutierrez GUT,SAU,2013
Valtteri Bottas BOT,WIL,2013
Jules Bianchi BIA,MAR,2013
Charles Pic PIC,CAT,2013
Max Chilton CHI,MAR,2013
Giedo van der Garde VDG,CAT,2013
Daniel Ricciardo RIC,STR,2013
Nico Rosberg ROS,MER,2013
Pastor Maldonado MAL,WIL,2013
Nico Hulkenberg HUL,SAU,2013
Heikki Kovalainen KOV,LOT,2013
Jenson Button BUT,MCL,2012
Sebastian Vettel VET,RED,2012
Lewis Hamilton HAM,MCL,2012
Mark Webber WEB,RED,2012
Fernando Alonso ALO,FER,2012
Kamui Kobayashi KOB,SAU,2012
Kimi Räikkönen RAI,LOT,2012
Sergio Perez PER,SAU,2012
Daniel Ricciardo RIC,STR,2012
Paul di Resta DIR,FOR,2012
Jean-Eric Vergne VER,STR,2012
Nico Rosberg ROS,MER,2012
Pastor Maldonado MAL,WIL,2012
Timo Glock GLO,MAR,2012
Charles Pic PIC,MAR,2012
Bruno Senna SEN,WIL,2012
Felipe Massa MAS,FER,2012
Heikki Kovalainen KOV,CAT,2012
Vitaly Petrov PET,CAT,2012
Michael Schumacher MSC,MER,2012
Romain Grosjean GRO,LOT,2012
Nico Hulkenberg HUL,FOR,2012
Narain Karthikeyan KAR,HRT,2012
Pedro de la Rosa DLR,HRT,2012
Jerome d'Ambrosio DAM,LOT,2012
Sebastian Vettel VET,RED,2011
Lewis Hamilton HAM,MCL,2011
Vitaly Petrov PET,REN,2011
Fernando Alonso ALO,FER,2011
Mark Webber WEB,RED,2011
Jenson Button BUT,MCL,2011
Sergio Perez PER,SAU,2011
Kamui Kobayashi KOB,SAU,2011
Felipe Massa MAS,FER,2011
Sebastien Buemi BUE,STR,2011
Adrian Sutil SUT,FOR,2011
Paul di Resta DIR,FOR,2011
Jaime Alguersuari ALG,STR,2011
Nick Heidfeld HEI,REN,2011
Jarno Trulli TRU,LOT,2011
Jerome d'Ambrosio DAM,VIR,2011
Timo Glock GLO,VIR,2011
Rubens Barrichello BAR,WIL,2011
Nico Rosberg ROS,MER,2011
Heikki Kovalainen KOV,LOT,2011
Michael Schumacher MSC,MER,2011
Pastor Maldonado MAL,WIL,2011
Narain Karthikeyan KAR,HRT,2011
Vitantonio Liuzzi LIU,HRT,2011
Pedro de la Rosa DLR,SAU,2011
Daniel Ricciardo RIC,HRT,2011
Karun Chandhok CHD,LOT,2011
Bruno Senna SEN,REN,2011
Fernando Alonso ALO,FER,2010
Felipe Massa MAS,FER,2010
Lewis Hamilton HAM,MCL,2010
Sebastian Vettel VET,RBR,2010
Nico Rosberg ROS,MER,2010
Michael Schumacher MSC,MER,2010
Jenson Button BUT,MCL,2010
Mark Webber WEB,RBR,2010
Vitantonio Liuzzi LIU,FOR,2010
Rubens Barrichello BAR,WIL,2010
Robert Kubica KUB,REN,2010
Adrian Sutil SUT,FOR,2010
Jaime Alguersuari ALG,STR,2010
Nico Hulkenberg HUL,WIL,2010
Heikki Kovalainen KOV,LOT,2010
Sebastien Buemi BUE,STR,2010
Jarno Trulli TRU,LOT,2010
Pedro de la Rosa DLR,SAU,2010
Bruno Senna SEN,HRT,2010
Timo Glock GLO,VIR,2010
Vitaly Petrov PET,REN,2010
Kamui Kobayashi KOB,SAU,2010
Lucas di Grassi DIG,VIR,2010
Karun Chandhok CHD,HRT,2010
Sakon Yamamoto YAM,HRT,2010
Christian Klien KLI,HRT,2010
Nick Heidfeld HEI,SAU,2010
Jenson Button BUT,BRA,2009
Rubens Barrichello BAR,BRA,2009
Jarno Trulli TRU,TOY,2009
Lewis Hamilton HAM,MCL,2009
Timo Glock GLO,TOY,2009
Fernando Alonso ALO,REN,2009
Nico Rosberg ROS,WIL,2009
Sebastien Buemi BUE,STR,2009
Sebastien Bourdais BOU,STR,2009
Adrian Sutil SUT,FOR,2009
Nick Heidfeld HEI,SAU,2009
Giancarlo Fisichella FIS,FOR,2009
Mark Webber WEB,RBR,2009
Sebastian Vettel VET,RBR,2009
Robert Kubica KUB,SAU,2009
Kimi Räikkönen RAI,FER,2009
Felipe Massa MAS,FER,2009
Nelson Piquet PIQ,REN,2009
Kazuki Nakajima NAK,WIL,2009
Heikki Kovalainen KOV,MCL,2009
Jaime Alguersuari ALG,STR,2009
Luca Badoer BAD,FER,2009
Romain Grosjean GRO,REN,2009
Vitantonio Liuzzi LIU,FOR,2009
Kamui Kobayashi KOB,TOY,2009
Lewis Hamilton HAM,MCL,2008
Nick Heidfeld HEI,SAU,2008
Nico Rosberg ROS,WIL,2008
Fernando Alonso ALO,REN,2008
Heikki Kovalainen KOV,MCL,2008
Kazuki Nakajima NAK,WIL,2008
Sebastien Bourdais BOU,STR,2008
Kimi Räikkönen RAI,FER,2008
Robert Kubica KUB,SAU,2008
Timo Glock GLO,TOY,2008
Takuma Sato SAT,SUP,2008
Nelson Piquet PIQ,REN,2008
Felipe Massa MAS,FER,2008
David Coulthard COU,RED,2008
Jarno Trulli TRU,TOY,2008
Adrian Sutil SUT,FOR,2008
Sebastian Vettel VET,STR,2008
Jenson Button BUT,HON,2008
Mark Webber WEB,RED,2008
Giancarlo Fisichella FIS,FOR,2008
Anthony Davidson DAV,SUP,2008
Rubens Barrichello BAR,HON,2008
Kimi Räikkönen RAI,FER,2007
Fernando Alonso ALO,MCL,2007
Lewis Hamilton HAM,MCL,2007
Nick Heidfeld HEI,SAU,2007
Giancarlo Fisichella FIS,REN,2007
Felipe Massa MAS,FER,2007
Nico Rosberg ROS,WIL,2007
Ralf Schumacher RSC,TOY,2007
Jarno Trulli TRU,TOY,2007
Heikki Kovalainen KOV,REN,2007
Rubens Barrichello BAR,HON,2007
Takuma Sato SAT,SUP,2007
Mark Webber WEB,RED,2007
Vitantonio Liuzzi LIU,STR,2007
Jenson Button BUT,HON,2007
Anthony Davidson DAV,SUP,2007
Adrian Sutil SUT,SPY,2007
Alexander Wurz WUR,WIL,2007
David Coulthard COU,RED,2007
Robert Kubica KUB,SAU,2007
Scott Speed SPE,STR,2007
Christijan Albers ALB,SPY,2007
Sebastian Vettel VET,SAU,2007
Markus Winkelhock WIN,SPY,2007
Sakon Yamamoto YAM,SPY,2007
Kazuki Nakajima NAK,WIL,2007
Fernando Alonso ALO,REN,2006
Michael Schumacher MSC,FER,2006
Kimi Räikkönen RAI,MCL,2006
Jenson Button BUT,HON,2006
Juan Pablo Montoya MOY,MCL,2006
Mark Webber WEB,WIL,2006
Nico Rosberg ROS,WIL,2006
Christian Klien KLI,RBR,2006
Felipe Massa MAS,FER,2006
David Coulthard COU,RBR,2006
Vitantonio Liuzzi LIU,STR,2006
Nick Heidfeld HEI,SAU,2006
Scott Speed SPE,STR,2006
Ralf Schumacher RSC,TOY,2006
Rubens Barrichello BAR,HON,2006
Jarno Trulli TRU,TOY,2006
Tiago Monteiro MON,MF1,2006
Takuma Sato SAT,SUP,2006
Yuji Ide IDE,SUP,2006
Jacques Villeneuve VIL,SAU,2006
Giancarlo Fisichella FIS,REN,2006
Christijan Albers ALB,MF1,2006
Franck Montagny MON,SUP,2006
Pedro de la Rosa DLR,MCL,2006
Sakon Yamamoto YAM,SUP,2006
Robert Kubica KUB,SAU,2006
Robert Doornbos DOO,RBR,2006
Giancarlo Fisichella FIS,REN,2005
Rubens Barrichello BAR,FER,2005
Fernando Alonso ALO,REN,2005
David Coulthard COU,RBR,2005
Mark Webber WEB,WIL,2005
Juan Pablo Montoya MOY,MCL,2005
Christian Klien KLI,RBR,2005
Kimi Räikkönen RAI,MCL,2005
Jarno Trulli TRU,TOY,2005
Felipe Massa MAS,SAU,2005
Jenson Button BUT,BAR,2005
Ralf Schumacher RSC,TOY,2005
Jacques Villeneuve VIL,SAU,2005
Takuma Sato SAT,BAR,2005
Narain Karthikeyan KAR,JOR,2005
Tiago Monteiro MON,JOR,2005
Patrick Friesacher FRI,MIN,2005
Michael Schumacher MSC,FER,2005
Nick Heidfeld HEI,WIL,2005
Christijan Albers ALB,MIN,2005
Anthony Davidson DAV,BAR,2005
Pedro de la Rosa DLR,MCL,2005
Alexander Wurz WUR,MCL,2005
Vitantonio Liuzzi LIU,RBR,2005
Ricardo Zonta ZON,TOY,2005
Robert Doornbos DOO,MIN,2005
Antonio Pizzonia PIZ,WIL,2005
Michael Schumacher MSC,FER,2004
Rubens Barrichello BAR,FER,2004
Fernando Alonso ALO,REN,2004
Ralf Schumacher RSC,WIL,2004
Juan Pablo Montoya MOY,WIL,2004
Jenson Button BUT,BAR,2004
Jarno Trulli TRU,REN,2004
David Coulthard COU,MCL,2004
Takuma Sato SAT,BAR,2004
Giancarlo Fisichella FIS,SAU,2004
Christian Klien KLI,JAG,2004
Cristiano da Matta DAM,TOY,2004
Olivier Panis PAN,TOY,2004
Giorgio Pantano PAN,JOR,2004
Felipe Massa MAS,SAU,2004
Nick Heidfeld HEI,JOR,2004
Gianmaria Bruni BRU,MIN,2004
Mark Webber WEB,JAG,2004
Zsolt Baumgartner BAU,MIN,2004
Kimi Räikkönen RAI,MCL,2004
Timo Glock GLO,JOR,2004
Marc Gene GEN,WIL,2004
Antonio Pizzonia PIZ,WIL,2004
Ricardo Zonta ZON,TOY,2004
Jacques Villeneuve VIL,REN,2004
David Coulthard COU,MCL,2003
Juan Pablo Montoya MOY,WIL,2003
Kimi Räikkönen RAI,MCL,2003
Michael Schumacher MSC,FER,2003
Jarno Trulli TRU,REN,2003
Heinz-Harald Frentzen FRE,SAU,2003
Fernando Alonso ALO,REN,2003
Ralf Schumacher RSC,WIL,2003
Jacques Villeneuve VIL,BAR,2003
Jenson Button BUT,BAR,2003
Jos Verstappen VER,MIN,2003
Giancarlo Fisichella FIS,JOR,2003
Antonio Pizzonia PIZ,JAG,2003
Olivier Panis PAN,TOY,2003
Nick Heidfeld HEI,SAU,2003
Justin Wilson WIL,MIN,2003
Mark Webber WEB,JAG,2003
Cristiano da Matta DAM,TOY,2003
Ralph Firman FIR,JOR,2003
Rubens Barrichello BAR,FER,2003
Nicolas Kiesa KIE,MIN,2003
Zsolt Baumgartner BAU,JOR,2003
Marc Gene GEN,WIL,2003
Takuma Sato SAT,BAR,2003
Michael Schumacher MSC,FER,2002
Juan Pablo Montoya MOY,WIL,2002
Kimi Räikkönen RAI,MCL,2002
Eddie Irvine IRV,JAG,2002
Mark Webber WEB,MIN,2002
Mika Salo SAL,TOY,2002
Alex Yoong YOO,MIN,2002
Pedro de la Rosa DLR,JAG,2002
David Coulthard COU,MCL,2002
Jacques Villeneuve VIL,BAR,2002
Takuma Sato SAT,JOR,2002
Jarno Trulli TRU,REN,2002
Rubens Barrichello BAR,FER,2002
Ralf Schumacher RSC,WIL,2002
Giancarlo Fisichella FIS,JOR,2002
Felipe Massa MAS,SAU,2002
Nick Heidfeld HEI,SAU,2002
Jenson Button BUT,REN,2002
Olivier Panis PAN,BAR,2002
Allan McNish MCN,TOY,2002
Enrique Bernoldi BER,ARR,2002
Heinz-Harald Frentzen FRE,ARR,2002
Anthony Davidson DAV,MIN,2002
Michael Schumacher MSC,FER,2001
David Coulthard COU,MCL,2001
Rubens Barrichello BAR,FER,2001
Nick Heidfeld HEI,SAU,2001
Heinz-Harald Frentzen FRE,JOR,2001
Kimi Räikkönen RAI,SAU,2001
Olivier Panis PAN,BAR,2001
Luciano Burti BUR,JAG,2001
Jean Alesi ALE,PRO,2001
Jos Verstappen VER,ARR,2001
Eddie Irvine IRV,JAG,2001
Fernando Alonso ALO,MIN,2001
Giancarlo Fisichella FIS,BEN,2001
Jenson Button BUT,BEN,2001
Juan Pablo Montoya MOY,WIL,2001
Jarno Trulli TRU,JOR,2001
Mika Hakkinen HAK,MCL,2001
Ralf Schumacher RSC,WIL,2001
Jacques Villeneuve VIL,BAR,2001
Tarso Marques MAR,MIN,2001
Enrique Bernoldi BER,ARR,2001
Gaston Mazzacane MAZ,PRO,2001
Pedro de la Rosa DLR,JAG,2001
Ricardo Zonta ZON,JOR,2001
Alex Yoong YOO,MIN,2001
Tomas Enge ENG,PRO,2001
Michael Schumacher MSC,FER,2000
Rubens Barrichello BAR,FER,2000
Ralf Schumacher RSC,WIL,2000
Jacques Villeneuve VIL,BAR,2000
Giancarlo Fisichella FIS,BEN,2000
Ricardo Zonta ZON,BAR,2000
Alexander Wurz WUR,BEN,2000
Marc Gene GEN,MIN,2000
Nick Heidfeld HEI,PRO,2000
Jenson Button BUT,WIL,2000
Pedro Diniz DIN,SAU,2000
Gaston Mazzacane MAZ,MIN,2000
Heinz-Harald Frentzen FRE,JOR,2000
Jarno Trulli TRU,JOR,2000
Jean Alesi ALE,PRO,2000
Mika Hakkinen HAK,MCL,2000
Jos Verstappen VER,ARR,2000
David Coulthard COU,MCL,2000
Pedro de la Rosa DLR,ARR,2000
Eddie Irvine IRV,JAG,2000
Johnny Herbert HER,JAG,2000
Mika Salo SAL,SAU,2000
Luciano Burti BUR,JAG,2000
Eddie Irvine IRV,FER,1999
Heinz-Harald Frentzen FRE,JOR,1999
Ralf Schumacher RSC,WIL,1999
Giancarlo Fisichella FIS,BEN,1999
Rubens Barrichello BAR,STE,1999
Pedro de la Rosa DLR,ARR,1999
Toranosuke Takagi TAK,ARR,1999
Michael Schumacher MSC,FER,1999
Ricardo Zonta ZON,BAR,1999
Luca Badoer BAD,MIN,1999
Alexander Wurz WUR,BEN,1999
Pedro Diniz DIN,SAU,1999
Marc Gene GEN,MIN,1999
Jarno Trulli TRU,PRO,1999
Olivier Panis PAN,PRO,1999
Mika Hakkinen HAK,MCL,1999
Alessandro Zanardi ZAN,WIL,1999
David Coulthard COU,MCL,1999
Jacques Villeneuve VIL,BAR,1999
Damon Hill HIL,JOR,1999
Jean Alesi ALE,SAU,1999
Johnny Herbert HER,STE,1999
Stephane Sarrazin SAR,MIN,1999
Mika Salo SAL,BAR,1999
Mika Hakkinen HAK,MCL,1998
David Coulthard COU,MCL,1998
Heinz-Harald Frentzen FRE,WIL,1998
Eddie Irvine IRV,FER,1998
Jacques Villeneuve VIL,WIL,1998
Johnny Herbert HER,SAU,1998
Alexander Wurz WUR,BEN,1998
Damon Hill HIL,JOR,1998
Olivier Panis PAN,PRO,1998
Giancarlo Fisichella FIS,BEN,1998
Jean Alesi ALE,SAU,1998
Jarno Trulli TRU,PRO,1998
Ricardo Rosset ROS,TYR,1998
Mika Salo SAL,ARR,1998
Esteban Tuero TUE,MIN,1998
Shinji Nakano NAK,MIN,1998
Michael Schumacher MSC,FER,1998
Pedro Diniz DIN,ARR,1998
Ralf Schumacher RSC,JOR,1998
Jan Magnussen MAG,STE,1998
Toranosuke Takagi TAK,TYR,1998
Rubens Barrichello BAR,STE,1998
Jos Verstappen VER,STE,1998
David Coulthard COU,MCL,1997
Michael Schumacher MSC,FER,1997
Mika Hakkinen HAK,MCL,1997
Gerhard Berger BER,BEN,1997
Olivier Panis PAN,PRO,1997
Nicola Larini LAR,SAU,1997
Shinji Nakano NAK,PRO,1997
Heinz-Harald Frentzen FRE,WIL,1997
Jarno Trulli TRU,MIN,1997
Pedro Diniz DIN,ARR,1997
Rubens Barrichello BAR,STE,1997
Mika Salo SAL,TYR,1997
Jan Magnussen MAG,STE,1997
Jean Alesi ALE,BEN,1997
Ukyo Katayama KAT,MIN,1997
Giancarlo Fisichella FIS,JOR,1997
Jos Verstappen VER,TYR,1997
Ralf Schumacher RSC,JOR,1997
Eddie Irvine IRV,FER,1997
Jacques Villeneuve VIL,WIL,1997
Johnny Herbert HER,SAU,1997
Damon Hill HIL,ARR,1997
Gianni Morbidelli MOR,SAU,1997
Alexander Wurz WUR,BEN,1997
Norberto Fontana FON,SAU,1997
Tarso Marques MAR,MIN,1997
Damon Hill HIL,WIL,1996
Jacques Villeneuve VIL,WIL,1996
Eddie Irvine IRV,FER,1996
Gerhard Berger BER,BEN,1996
Mika Hakkinen HAK,MCL,1996
Mika Salo SAL,TYR,1996
Olivier Panis PAN,LIG,1996
Heinz-Harald Frentzen FRE,SAU,1996
Ricardo Rosset ROS,FOO,1996
Pedro Diniz DIN,LIG,1996
Ukyo Katayama KAT,TYR,1996
Pedro Lamy LAM,MIN,1996
Michael Schumacher MSC,FER,1996
Giancarlo Fisichella FIS,MIN,1996
Rubens Barrichello BAR,JOR,1996
David Coulthard COU,MCL,1996
Jos Verstappen VER,FOO,1996
Jean Alesi ALE,BEN,1996
Martin Brundle BRU,JOR,1996
Andrea Montermini MON,FOR,1996
Johnny Herbert HER,SAU,1996
Luca Badoer BAD,FOR,1996
Tarso Marques MAR,MIN,1996
Giovanni Lavaggi LAV,MIN,1996
Michael Schumacher MSC,BEN,1995
David Coulthard COU,WIL,1995
Gerhard Berger BER,FER,1995
Mika Hakkinen HAK,MCL,1995
Jean Alesi ALE,FER,1995
Mark Blundell BLU,MCL,1995
Mika Salo SAL,TYR,1995
Aguri Suzuki SUZ,LIG,1995
Andrea Montermini MON,PAC,1995
Pedro Diniz DIN,FOR,1995
Gianni Morbidelli MOR,FOO,1995
Taki Inoue INO,FOO,1995
Luca Badoer BAD,MIN,1995
Roberto Moreno MOR,FOR,1995
Karl Wendlinger WEN,SAU,1995
Damon Hill HIL,WIL,1995
Johnny Herbert HER,BEN,1995
Bertrand Gachot GAC,PAC,1995
Rubens Barrichello BAR,JOR,1995
Jos Verstappen VER,SIM,1995
Ukyo Katayama KAT,TYR,1995
Eddie Irvine IRV,JOR,1995
Domenico Schiattarella SCH,SIM,1995
Heinz-Harald Frentzen FRE,SAU,1995
Olivier Panis PAN,LIG,1995
Pierluigi Martini MAR,MIN,1995
Nigel Mansell MAN,MCL,1995
Martin Brundle BRU,LIG,1995
Jean-Christophe Boullion BOU,SAU,1995
Massimiliano Papis PAP,FOO,1995
Giovanni Lavaggi LAV,PAC,1995
Pedro Lamy LAM,MIN,1995
Jean-Denis Deletraz DEL,PAC,1995
Gabriele Tarquini TAR,TYR,1995
Jan Magnussen MAG,MCL,1995
Michael Schumacher MSC,BEN,1994
Damon Hill HIL,WIL,1994
Jean Alesi ALE,FER,1994
Rubens Barrichello BAR,JOR,1994
Ukyo Katayama KAT,TYR,1994
Karl Wendlinger WEN,SAU,1994
Johnny Herbert HER,LOT,1994
Pierluigi Martini MAR,MIN,1994
Erik Comas COM,LAR,1994
Pedro Lamy LAM,LOT,1994
Olivier Panis PAN,LIG,1994
David Brabham BRA,SIM,1994
Ayrton Senna SEN,WIL,1994
Martin Brundle BRU,MCL,1994
Eddie Irvine IRV,JOR,1994
Jos Verstappen VER,BEN,1994
Eric Bernard BER,LIG,1994
Mark Blundell BLU,TYR,1994
Christian Fittipaldi FIT,FOO,1994
Heinz-Harald Frentzen FRE,SAU,1994
Mika Hakkinen HAK,MCL,1994
Michele Alboreto ALB,MIN,1994
Gianni Morbidelli MOR,FOO,1994
Gerhard Berger BER,FER,1994
Olivier Beretta BER,LAR,1994
Bertrand Gachot GAC,PAC,1994
Aguri Suzuki SUZ,JOR,1994
Nicola Larini LAR,FER,1994
Roland Ratzenberger RAT,SIM,1994
Andrea de Cesaris DEC,JOR,1994
Jyrki Jarvilehto JAR,BEN,1994
Paul Belmondo BEL,PAC,1994
Alessandro Zanardi ZAN,LOT,1994
David Coulthard COU,WIL,1994
Jean-Marc Gounon GOU,SIM,1994
Nigel Mansell MAN,WIL,1994
Philippe Alliot ALL,MCL,1994
Philippe Adams ADA,LOT,1994
Yannick Dalmas DAL,LAR,1994
Domenico Schiattarella SCH,SIM,1994
Hideki Noda NOD,JOR,1994
Franck Lagorce LAG,LIG,1994
Mika Salo SAL,LOT,1994
Taki Inoue INO,SIM,1994
Jean-Denis Deletraz DEL,LAR,1994
Alain Prost PRO,WIL,1993
Ayrton Senna SEN,MCL,1993
Mark Blundell BLU,LIG,1993
Christian Fittipaldi FIT,MIN,1993
Jyrki Jarvilehto JAR,SAU,1993
Gerhard Berger BER,FER,1993
Derek Warwick WAR,FOO,1993
Martin Brundle BRU,LIG,1993
Michele Alboreto ALB,LOL,1993
Erik Comas COM,LAR,1993
Riccardo Patrese PAT,BEN,1993
Michael Schumacher MSC,BEN,1993
Johnny Herbert HER,LOT,1993
Karl Wendlinger WEN,SAU,1993
Rubens Barrichello BAR,JOR,1993
Jean Alesi ALE,FER,1993
Philippe Alliot ALL,LAR,1993
Fabrizio Barbazza BAR,MIN,1993
Aguri Suzuki SUZ,FOO,1993
Luca Badoer BAD,LOL,1993
Damon Hill HIL,WIL,1993
Alessandro Zanardi ZAN,LOT,1993
Michael Andretti AND,MCL,1993
Ivan Capelli CAP,JOR,1993
Ukyo Katayama KAT,TYR,1993
Andrea de Cesaris DEC,TYR,1993
Thierry Boutsen BOU,JOR,1993
Pierluigi Martini MAR,MIN,1993
Pedro Lamy LAM,LOT,1993
Emanuele Naspetti NAS,JOR,1993
Mika Hakkinen HAK,MCL,1993
Eddie Irvine IRV,JOR,1993
Jean-Marc Gounon GOU,MIN,1993
Toshio Suzuki SUZ,LAR,1993
Nigel Mansell MAN,WIL,1992
Riccardo Patrese PAT,WIL,1992
Ayrton Senna SEN,MCL,1992
Michael Schumacher MSC,BEN,1992
Gerhard Berger BER,MCL,1992
Johnny Herbert HER,LOT,1992
Erik Comas COM,LIG,1992
Aguri Suzuki SUZ,FOO,1992
Mika Hakkinen HAK,LOT,1992
Michele Alboreto ALB,FOO,1992
Mauricio Gugelmin GUG,JOR,1992
Ukyo Katayama KAT,VEN,1992
Eric van de Poele VAN,BRA,1992
Olivier Grouillard GRO,TYR,1992
Thierry Boutsen BOU,LIG,1992
Pierluigi Martini MAR,DAL,1992
Gianni Morbidelli MOR,MIN,1992
Jyrki Jarvilehto JAR,DAL,1992
Christian Fittipaldi FIT,MIN,1992
Andrea de Cesaris DEC,TYR,1992
Jean Alesi ALE,FER,1992
Ivan Capelli CAP,FER,1992
Gabriele Tarquini TAR,FON,1992
Karl Wendlinger WEN,MAR,1992
Bertrand Gachot GAC,VEN,1992
Martin Brundle BRU,BEN,1992
Andrea Chiesa CHI,FON,1992
Stefano Modena MOD,JOR,1992
Paul Belmondo BEL,MAR,1992
Roberto Moreno MOR,MOD,1992
Damon Hill HIL,BRA,1992
Alessandro Zanardi ZAN,MIN,1992
Emanuele Naspetti NAS,MAR,1992
Jan Lammers LAM,MAR,1992
Nicola Larini LAR,FER,1992
Ayrton Senna SEN,MCL,1991
Alain Prost PRO,FER,1991
Nelson Piquet PIQ,BEN,1991
Stefano Modena MOD,TYR,1991
Satoru Nakajima NAK,TYR,1991
Aguri Suzuki SUZ,LOL,1991
Nicola Larini LAR,LAM,1991
Gabriele Tarquini TAR,AGS,1991
Pierluigi Martini MAR,MIN,1991
Bertrand Gachot GAC,JOR,1991
Martin Brundle BRU,BRA,1991
Jean Alesi ALE,FER,1991
Mika Hakkinen HAK,LOT,1991
Riccardo Patrese PAT,WIL,1991
Roberto Moreno MOR,BEN,1991
Michele Alboreto ALB,FOO,1991
Ivan Capelli CAP,LEY,1991
Thierry Boutsen BOU,LIG,1991
Gerhard Berger BER,MCL,1991
Nigel Mansell MAN,WIL,1991
Mauricio Gugelmin GUG,LEY,1991
Mark Blundell BLU,BRA,1991
Emanuele Pirro PIR,DAL,1991
Gianni Morbidelli MOR,MIN,1991
Jyrki Jarvilehto JAR,DAL,1991
Eric Bernard BER,LOL,1991
Andrea de Cesaris DEC,JOR,1991
Erik Comas COM,LIG,1991
Eric van de Poele VAN,LAM,1991
Julian Bailey BAI,LOT,1991
Stefan Johansson JOH,FOO,1991
Johnny Herbert HER,LOT,1991
Olivier Grouillard GRO,FON,1991
Michael Schumacher MSC,BEN,1991
Alessandro Zanardi ZAN,JOR,1991
Alex Caffi CAF,FOO,1991
Karl Wendlinger WEN,LEY,1991
Ayrton Senna SEN,MCL,1990
Jean Alesi ALE,TYR,1990
Thierry Boutsen BOU,WIL,1990
Nelson Piquet PIQ,BEN,1990
Stefano Modena MOD,BRA,1990
Satoru Nakajima NAK,TYR,1990
Pierluigi Martini MAR,MIN,1990
Eric Bernard BER,LOL,1990
Riccardo Patrese PAT,WIL,1990
Michele Alboreto ALB,ARR,1990
Alessandro Nannini NAN,BEN,1990
Bernd Schneider SCH,ARR,1990
Roberto Moreno MOR,EUR,1990
Mauricio Gugelmin GUG,LEY,1990
Paolo Barilla BAR,MIN,1990
Aguri Suzuki SUZ,LOL,1990
Nigel Mansell MAN,FER,1990
Gerhard Berger BER,MCL,1990
Gregor Foitek FOI,BRA,1990
Olivier Grouillard GRO,OSE,1990
Andrea de Cesaris DEC,DAL,1990
Alain Prost PRO,FER,1990
Ivan Capelli CAP,LEY,1990
Derek Warwick WAR,LOT,1990
Nicola Larini LAR,LIG,1990
Alex Caffi CAF,ARR,1990
Gianni Morbidelli MOR,DAL,1990
Martin Donnelly DON,LOT,1990
Philippe Alliot ALL,LIG,1990
Yannick Dalmas DAL,AGS,1990
Emanuele Pirro PIR,DAL,1990
Jyrki Jarvilehto JAR,ONY,1990
David Brabham BRA,BRA,1990
Gabriele Tarquini TAR,AGS,1990
Johnny Herbert HER,LOT,1990
Nigel Mansell MAN,FER,1989
Alain Prost PRO,MCL,1989
Mauricio Gugelmin GUG,MAR,1989
Johnny Herbert HER,BEN,1989
Derek Warwick WAR,ARR,1989
Alessandro Nannini NAN,BEN,1989
Jonathan Palmer PAL,TYR,1989
Satoru Nakajima NAK,LOT,1989
Olivier Grouillard GRO,LIG,1989
Michele Alboreto ALB,TYR,1989
Ayrton Senna SEN,MCL,1989
Philippe Alliot ALL,LOL,1989
Andrea de Cesaris DEC,DAL,1989
Christian Danner DAN,RIA,1989
Riccardo Patrese PAT,WIL,1989
Eddie Cheever CHE,ARR,1989
Bernd Schneider SCH,ZAK,1989
Martin Brundle BRU,BRA,1989
Ivan Capelli CAP,MAR,1989
Nelson Piquet PIQ,LOT,1989
Nicola Larini LAR,OSE,1989
Stefano Modena MOD,BRA,1989
Thierry Boutsen BOU,WIL,1989
Pierluigi Martini MAR,MIN,1989
Alex Caffi CAF,DAL,1989
Gabriele Tarquini TAR,AGS,1989
Gerhard Berger BER,FER,1989
Luis Perez-Sala PER,MIN,1989
Pierre Henri Raphanel RAP,COL,1989
Rene Arnoux ARN,LIG,1989
Roberto Moreno MOR,COL,1989
Stefan Johansson JOH,ONY,1989
Bertrand Gachot GAC,ONY,1989
Emanuele Pirro PIR,BEN,1989
Eric Bernard BER,LOL,1989
Jean Alesi ALE,TYR,1989
Martin Donnelly DON,ARR,1989
Piercarlo Ghinzani GHI,OSE,1989
Jyrki Jarvilehto JAR,ONY,1989
Alain Prost PRO,MCL,1988
Gerhard Berger BER,FER,1988
Nelson Piquet PIQ,LOT,1988
Derek Warwick WAR,ARR,1988
Michele Alboreto ALB,FER,1988
Satoru Nakajima NAK,LOT,1988
Thierry Boutsen BOU,BEN,1988
Eddie Cheever CHE,ARR,1988
Stefan Johansson JOH,LIG,1988
Andrea de Cesaris DEC,RIA,1988
Jonathan Palmer PAL,TYR,1988
Luis Perez-Sala PER,MIN,1988
Philippe Alliot ALL,LOL,1988
Gabriele Tarquini TAR,COL,1988
Philippe Streiff STR,AGS,1988
Yannick Dalmas DAL,LOL,1988
Ayrton Senna SEN,MCL,1988
Rene Arnoux ARN,LIG,1988
Stefano Modena MOD,EUR,1988
Nigel Mansell MAN,WIL,1988
Alessandro Nannini NAN,BEN,1988
Riccardo Patrese PAT,WIL,1988
Ivan Capelli CAP,MAR,1988
Adrian Campos CAM,MIN,1988
Alex Caffi CAF,DAL,1988
Julian Bailey BAI,TYR,1988
Mauricio Gugelmin GUG,MAR,1988
Piercarlo Ghinzani GHI,ZAK,1988
Nicola Larini LAR,OSE,1988
Oscar Larrauri LAR,EUR,1988
Bernd Schneider SCH,ZAK,1988
Pierluigi Martini MAR,MIN,1988
Martin Brundle BRU,WIL,1988
Jean Louis Schlesser SCH,WIL,1988
Aguri Suzuki SUZ,LOL,1988
Alain Prost PRO,MCL,1987
Nelson Piquet PIQ,WIL,1987
Stefan Johansson JOH,MCL,1987
Gerhard Berger BER,FER,1987
Thierry Boutsen BOU,BEN,1987
Nigel Mansell MAN,WIL,1987
Satoru Nakajima NAK,LOT,1987
Michele Alboreto ALB,FER,1987
Christian Danner DAN,ZAK,1987
Jonathan Palmer PAL,TYR,1987
Philippe Streiff STR,TYR,1987
Pascal Fabre FAB,AGS,1987
Eddie Cheever CHE,ARR,1987
Ayrton Senna SEN,LOT,1987
Riccardo Patrese PAT,BRA,1987
Andrea de Cesaris DEC,BRA,1987
Derek Warwick WAR,ARR,1987
Alex Caffi CAF,OSE,1987
Alessandro Nannini NAN,MIN,1987
Martin Brundle BRU,ZAK,1987
Teo Fabi FAB,BEN,1987
Adrian Campos CAM,MIN,1987
Gabriele Tarquini TAR,OSE,1987
Ivan Capelli CAP,MAR,1987
Philippe Alliot ALL,LOL,1987
Piercarlo Ghinzani GHI,LIG,1987
Rene Arnoux ARN,LIG,1987
Franco Forini FOR,OSE,1987
Nicola Larini LAR,COL,1987
Yannick Dalmas DAL,LOL,1987
Roberto Moreno MOR,AGS,1987
Stefano Modena MOD,BRA,1987
Nelson Piquet PIQ,WIL,1986
Ayrton Senna SEN,LOT,1986
Jacques Laffite LAF,LIG,1986
Rene Arnoux ARN,LIG,1986
Martin Brundle BRU,TYR,1986
Gerhard Berger BER,BEN,1986
Philippe Streiff STR,TYR,1986
Elio de Angelis DEA,BRA,1986
Johnny Dumfries DUM,LOT,1986
Teo Fabi FAB,BEN,1986
Thierry Boutsen BOU,ARR,1986
Michele Alboreto ALB,FER,1986
Alain Prost PRO,MCL,1986
Christian Danner DAN,OSE,1986
Stefan Johansson JOH,FER,1986
Patrick Tambay TAM,LOL,1986
Riccardo Patrese PAT,BRA,1986
Jonathan Palmer PAL,ZAK,1986
Marc Surer SUR,ARR,1986
Alessandro Nannini NAN,MIN,1986
Andrea de Cesaris DEC,MIN,1986
Piercarlo Ghinzani GHI,OSE,1986
Keke Rosberg ROS,MCL,1986
Alan Jones JON,LOL,1986
Nigel Mansell MAN,WIL,1986
Huub Rothengatter ROT,ZAK,1986
Derek Warwick WAR,BRA,1986
Allen Berg BER,OSE,1986
Eddie Cheever CHE,LOL,1986
Philippe Alliot ALL,LIG,1986
Alex Caffi CAF,OSE,1986
Ivan Capelli CAP,AGS,1986
Alain Prost PRO,MCL,1985
Michele Alboreto ALB,FER,1985
Elio de Angelis DEA,LOT,1985
Rene Arnoux ARN,FER,1985
Patrick Tambay TAM,REN,1985
Jacques Laffite LAF,LIG,1985
Stefan Johansson JOH,TYR,1985
Martin Brundle BRU,TYR,1985
Philippe Alliot ALL,RAM,1985
Derek Warwick WAR,REN,1985
Thierry Boutsen BOU,ARR,1985
Piercarlo Ghinzani GHI,OSE,1985
Manfred Winkelhock WIN,RAM,1985
Gerhard Berger BER,ARR,1985
Ayrton Senna SEN,LOT,1985
Eddie Cheever CHE,ALF,1985
Pierluigi Martini MAR,MIN,1985
Niki Lauda LAU,MCL,1985
Andrea de Cesaris DEC,LIG,1985
Riccardo Patrese PAT,ALF,1985
Keke Rosberg ROS,WIL,1985
Francois Hesnault HES,BRA,1985
Nigel Mansell MAN,WIL,1985
Mauro Baldi BAL,SPI,1985
Nelson Piquet PIQ,BRA,1985
Jonathan Palmer PAL,ZAK,1985
Stefan Bellof BEL,TYR,1985
Teo Fabi FAB,TOL,1985
Marc Surer SUR,BRA,1985
Huub Rothengatter ROT,OSE,1985
Kenny Acheson ACH,RAM,1985
Alan Jones JON,LOL,1985
Philippe Streiff STR,LIG,1985
Christian Danner DAN,ZAK,1985
Ivan Capelli CAP,TYR,1985
John Watson WAT,MCL,1985
Alain Prost PRO,MCL,1984
Keke Rosberg ROS,WIL,1984
Elio de Angelis DEA,LOT,1984
Eddie Cheever CHE,ALF,1984
Patrick Tambay TAM,REN,1984
Thierry Boutsen BOU,ARR,1984
Marc Surer SUR,ARR,1984
Jonathan Palmer PAL,RAM,1984
Derek Warwick WAR,REN,1984
Andrea de Cesaris DEC,LIG,1984
Riccardo Patrese PAT,ALF,1984
Niki Lauda LAU,MCL,1984
Nigel Mansell MAN,LOT,1984
Nelson Piquet PIQ,BRA,1984
Teo Fabi FAB,BRA,1984
Rene Arnoux ARN,FER,1984
Piercarlo Ghinzani GHI,OSE,1984
Francois Hesnault HES,LIG,1984
Philippe Alliot ALL,RAM,1984
Johnny Cecotto CEC,TOL,1984
Jacques Laffite LAF,WIL,1984
Michele Alboreto ALB,FER,1984
Mauro Baldi BAL,SPI,1984
Ayrton Senna SEN,TOL,1984
Manfred Winkelhock WIN,ATS,1984
Jo Gartner GAR,OSE,1984
Corrado Fabi FAB,BRA,1984
Huub Rothengatter ROT,SPI,1984
Mike Thackwell THA,RAM,1984
Gerhard Berger BER,ATS,1984
Stefan Johansson JOH,TOL,1984
Philippe Streiff STR,REN,1984
Nelson Piquet PIQ,BRA,1983
Niki Lauda LAU,MCL,1983
Jacques Laffite LAF,WIL,1983
Patrick Tambay TAM,FER,1983
Marc Surer SUR,ARR,1983
Alain Prost PRO,REN,1983
Derek Warwick WAR,TOL,1983
Chico Serra SER,ARR,1983
Rene Arnoux ARN,FER,1983
Danny Sullivan SUL,TYR,1983
Nigel Mansell MAN,LOT,1983
Johnny Cecotto CEC,THE,1983
Eliseo Salazar SAL,RAM,1983
Manfred Winkelhock WIN,ATS,1983
Roberto Guerrero GUE,THE,1983
Eddie Cheever CHE,REN,1983
John Watson WAT,MCL,1983
Raul Boesel BOE,LIG,1983
Mauro Baldi BAL,ALF,1983
Jean-Pierre Jarier JAR,LIG,1983
Riccardo Patrese PAT,BRA,1983
Corrado Fabi FAB,OSE,1983
Bruno Giacomelli GIA,TOL,1983
Michele Alboreto ALB,TYR,1983
Alan Jones JON,ARR,1983
Andrea de Cesaris DEC,ALF,1983
Elio de Angelis DEA,LOT,1983
Keke Rosberg ROS,WIL,1983
Thierry Boutsen BOU,ARR,1983
Piercarlo Ghinzani GHI,OSE,1983
Stefan Johansson JOH,SPI,1983
Jonathan Palmer PAL,WIL,1983
Kenny Acheson ACH,RAM,1983
Alain Prost PRO,REN,1982
Carlos Reutemann REU,WIL,1982
Rene Arnoux ARN,REN,1982
Niki Lauda LAU,MCL,1982
Keke Rosberg ROS,WIL,1982
John Watson WAT,MCL,1982
Michele Alboreto ALB,TYR,1982
Elio de Angelis DEA,LOT,1982
Eliseo Salazar SAL,ATS,1982
Manfred Winkelhock WIN,ATS,1982
Bruno Giacomelli GIA,ALF,1982
Jochen Mass MAS,MAR,1982
Andrea de Cesaris DEC,ALF,1982
Derek Daly DAL,THE,1982
Raul Boesel BOE,MAR,1982
Slim Borgudd BOR,TYR,1982
Chico Serra SER,FIT,1982
Didier Pironi PIR,FER,1982
Jacques Laffite LAF,LIG,1982
Derek Warwick WAR,TOL,1982
Riccardo Patrese PAT,BRA,1982
Eddie Cheever CHE,LIG,1982
Gilles Villeneuve VIL,FER,1982
Nelson Piquet PIQ,BRA,1982
Nigel Mansell MAN,LOT,1982
Jean-Pierre Jarier JAR,OSE,1982
Mauro Baldi BAL,ARR,1982
Brian Henton HEN,ARR,1982
Mario Andretti AND,WIL,1982
Roberto Guerrero GUE,ENS,1982
Riccardo Paletti PAL,OSE,1982
Teo Fabi FAB,TOL,1982
Marc Surer SUR,ARR,1982
Geoff Lees LEE,THE,1982
Jan Lammers LAM,THE,1982
Patrick Tambay TAM,FER,1982
Rupert Keegan KEE,MAR,1982
Tommy Byrne BYR,THE,1982
Alan Jones JON,WIL,1981
Carlos Reutemann REU,WIL,1981
Nelson Piquet PIQ,BRA,1981
Mario Andretti AND,ALF,1981
Eddie Cheever CHE,TYR,1981
Patrick Tambay TAM,THE,1981
Chico Serra SER,FIT,1981
Rene Arnoux ARN,REN,1981
Marc Surer SUR,ENS,1981
Didier Pironi PIR,FER,1981
Jean-Pierre Jarier JAR,LIG,1981
Hector Rebaque REB,BRA,1981
Bruno Giacomelli GIA,ALF,1981
Jacques Laffite LAF,LIG,1981
Keke Rosberg ROS,FIT,1981
Jan Lammers LAM,ATS,1981
Riccardo Patrese PAT,ARR,1981
Beppe Gabbiani GAB,OSE,1981
Nigel Mansell MAN,LOT,1981
Gilles Villeneuve VIL,FER,1981
John Watson WAT,MCL,1981
Elio de Angelis DEA,LOT,1981
Alain Prost PRO,REN,1981
Andrea de Cesaris DEC,MCL,1981
Ricardo Zunino ZUN,TYR,1981
Siegfried Stohr STO,ARR,1981
Eliseo Salazar SAL,MAR,1981
Jean-Pierre Jabouille JAB,LIG,1981
Michele Alboreto ALB,TYR,1981
Miguel Angel Guerra GUE,OSE,1981
Slim Borgudd BOR,ATS,1981
Piercarlo Ghinzani GHI,OSE,1981
Derek Daly DAL,MAR,1981
Brian Henton HEN,TOL,1981
Derek Warwick WAR,TOL,1981
Alan Jones JON,WIL,1980
Nelson Piquet PIQ,BRA,1980
Keke Rosberg ROS,FIT,1980
Derek Daly DAL,TYR,1980
Bruno Giacomelli GIA,ALF,1980
Alain Prost PRO,MCL,1980
Ricardo Zunino ZUN,BRA,1980
Patrick Depailler DEP,ALF,1980
Jody Scheckter SCH,FER,1980
Clay Regazzoni REG,ENS,1980
Emerson Fittipaldi FIT,FIT,1980
Gilles Villeneuve VIL,FER,1980
Jacques Laffite LAF,LIG,1980
Riccardo Patrese PAT,ARR,1980
Marc Surer SUR,ATS,1980
Mario Andretti AND,LOT,1980
Jochen Mass MAS,ARR,1980
Carlos Reutemann REU,WIL,1980
Elio de Angelis DEA,LOT,1980
John Watson WAT,MCL,1980
Jean-Pierre Jabouille JAB,REN,1980
Rene Arnoux ARN,REN,1980
Didier Pironi PIR,LIG,1980
Jean-Pierre Jarier JAR,TYR,1980
Dave Kennedy KEN,SHA,1980
Jan Lammers LAM,ATS,1980
Stefan Johansson JOH,SHA,1980
Eddie Cheever CHE,OSE,1980
Geoff Lees LEE,SHA,1980
Tiff Needell NEE,ENS,1980
Hector Rebaque REB,BRA,1980
Rupert Keegan KEE,WIL,1980
Harald Ertl ERT,ATS,1980
Nigel Mansell MAN,LOT,1980
Mike Thackwell THA,ARR,1980
Vittorio Brambilla BRA,ALF,1980
Manfred Winkelhock WIN,ARR,1980
Andrea de Cesaris DEC,ALF,1980
Jacques Laffite LAF,LIG,1979
Carlos Reutemann REU,LOT,1979
John Watson WAT,MCL,1979
Patrick Depailler DEP,LIG,1979
Mario Andretti AND,LOT,1979
Emerson Fittipaldi FIT,FIT,1979
Elio de Angelis DEA,SHA,1979
Jochen Mass MAS,ARR,1979
Alan Jones JON,WIL,1979
Clay Regazzoni REG,WIL,1979
Derek Daly DAL,ENS,1979
Gilles Villeneuve VIL,FER,1979
Hector Rebaque REB,LOT,1979
Jan Lammers LAM,SHA,1979
James Hunt HUN,WOL,1979
Jean-Pierre Jarier JAR,TYR,1979
Jean-Pierre Jabouille JAB,REN,1979
Niki Lauda LAU,BRA,1979
Rene Arnoux ARN,REN,1979
Jody Scheckter SCH,FER,1979
Didier Pironi PIR,TYR,1979
Patrick Tambay TAM,MCL,1979
Nelson Piquet PIQ,BRA,1979
Arturo Merzario MER,MER,1979
Riccardo Patrese PAT,ARR,1979
Hans-Joachim Stuck STU,ATS,1979
Bruno Giacomelli GIA,ALF,1979
Jacky Ickx ICK,LIG,1979
Keke Rosberg ROS,WOL,1979
Patrick Gaillard GAI,ENS,1979
Geoff Lees LEE,TYR,1979
Vittorio Brambilla BRA,ALF,1979
Ricardo Zunino ZUN,BRA,1979
Marc Surer SUR,ENS,1979
Mario Andretti AND,LOT,1978
Niki Lauda LAU,BRA,1978
Patrick Depailler DEP,TYR,1978
James Hunt HUN,MCL,1978
Ronnie Peterson PET,LOT,1978
Patrick Tambay TAM,MCL,1978
Carlos Reutemann REU,FER,1978
Gilles Villeneuve VIL,FER,1978
Emerson Fittipaldi FIT,FIT,1978
Jody Scheckter SCH,WOL,1978
Jochen Mass MAS,ATS,1978
Jean-Pierre Jarier JAR,ATS,1978
Brett Lunger LUN,MCL,1978
Didier Pironi PIR,TYR,1978
Clay Regazzoni REG,SHA,1978
Jacques Laffite LAF,LIG,1978
Hans-Joachim Stuck STU,SHA,1978
Vittorio Brambilla BRA,SUR,1978
John Watson WAT,BRA,1978
Alan Jones JON,WIL,1978
Danny Ongais ONG,ENS,1978
Lamberto Leoni LEO,ENS,1978
Arturo Merzario MER,MER,1978
Rupert Keegan KEE,SUR,1978
Hector Rebaque REB,LOT,1978
Riccardo Patrese PAT,ARR,1978
Eddie Cheever CHE,HES,1978
Jean-Pierre Jabouille JAB,REN,1978
Keke Rosberg ROS,THE,1978
Rene Arnoux ARN,MAR,1978
Rolf Stommelen STO,ARR,1978
Jacky Ickx ICK,ENS,1978
Bruno Giacomelli GIA,MCL,1978
Derek Daly DAL,ENS,1978
Harald Ertl ERT,ENS,1978
Nelson Piquet PIQ,ENS,1978
Bobby Rahal RAH,WOL,1978
Michael Bleekemolen BLE,ATS,1978
Jody Scheckter SCH,WOL,1977
Carlos Pace PAC,BRA,1977
Carlos Reutemann REU,FER,1977
Emerson Fittipaldi FIT,FIT,1977
Mario Andretti AND,LOT,1977
Clay Regazzoni REG,ENS,1977
Vittorio Brambilla BRA,SUR,1977
Ian Scheckter SCH,MAR,1977
Tom Pryce PRY,SHA,1977
John Watson WAT,BRA,1977
Alex Ribeiro RIB,MAR,1977
Jacques Laffite LAF,LIG,1977
Patrick Depailler DEP,TYR,1977
James Hunt HUN,MCL,1977
Jochen Mass MAS,MCL,1977
Ronnie Peterson PET,TYR,1977
Ingo Hoffman HOF,FIT,1977
Niki Lauda LAU,FER,1977
Hans Binder BIN,SUR,1977
Renzo Zorzi ZOR,SHA,1977
Gunnar Nilsson NIL,LOT,1977
Larry Perkins PER,BRM,1977
Boy Hayje HAY,MAR,1977
Brett Lunger LUN,MAR,1977
Hans-Joachim Stuck STU,MAR,1977
Alan Jones JON,SHA,1977
Brian Henton HEN,MAR,1977
Jean-Pierre Jarier JAR,PEN,1977
Arturo Merzario MER,MAR,1977
Emilio de Villota DEV,MCL,1977
Harald Ertl ERT,HES,1977
Patrick Neve NEV,MAR,1977
Rupert Keegan KEE,HES,1977
Jacky Ickx ICK,ENS,1977
Riccardo Patrese PAT,SHA,1977
David Purley PUR,LEC,1977
Jackie Oliver OLI,SHA,1977
Gilles Villeneuve VIL,MCL,1977
Jean-Pierre Jabouille JAB,REN,1977
Patrick Tambay TAM,ENS,1977
Vern Schuppan SCH,SUR,1977
Hans Heyer HEY,PEN,1977
Hector Rebaque REB,HES,1977
Bruno Giacomelli GIA,MCL,1977
Danny Ongais ONG,PEN,1977
Ian Ashley ASH,HES,1977
Kazuyoshi Hoshino HOS,KOJ,1977
Kunimitsu Takahashi TAK,TYR,1977
Noritake Takahara TAK,KOJ,1977
Niki Lauda LAU,Ferrari,1976
Patrick Depailler DEP,Tyrrell Ford,1976
Tom Pryce PRY,Shadow Ford,1976
Hans-Joachim Stuck STU,March Ford,1976
Jody Scheckter SCH,Tyrrell Ford,1976
Jochen Mass MAS,McLaren Ford,1976
Clay Regazzoni REG,Ferrari,1976
Jacky Ickx ICK,Wolf-Williams,1976
Renzo Zorzi ZOR,Wolf-Williams,1976
Carlos Pace PAC,Brabham Alfa Romeo,1976
Ingo Hoffman HOF,Fittipaldi Ford,1976
Carlos Reutemann REU,Brabham Alfa Romeo,1976
Emerson Fittipaldi FIT,Fittipaldi Ford,1976
Lella Lombardi LOM,March Ford,1976
Jean-Pierre Jarier JAR,Shadow Ford,1976
James Hunt HUN,McLaren Ford,1976
Vittorio Brambilla BRA,March Ford,1976
Jacques Laffite LAF,Ligier Matra,1976
Ronnie Peterson PET,Lotus Ford,1976
Mario Andretti AND,Lotus Ford,1976
John Watson WAT,Penske Ford,1976
Ian Ashley ASH,BRM,1976
Bob Evans EVA,Lotus Ford,1976
Brett Lunger LUN,Surtees Ford,1976
Chris Amon AMO,Ensign Ford,1976
Gunnar Nilsson NIL,Lotus Ford,1976
Harald Ertl ERT,Hesketh Ford,1976
Ian Scheckter SCH,Tyrrell Ford,1976
Michel Leclere LEC,Wolf-Williams,1976
Alan Jones JON,Surtees Ford,1976
Arturo Merzario MER,March Ford,1976
Larry Perkins PER,Boro Ford,1976
Loris Kessel KES,0,1976
Patrick Neve NEV,0,1976
Guy Edwards EDW,Hesketh Ford,1976
Henri Pescarolo PES,Surtees Ford,1976
Alessandro Pesenti-Rossi PES,Tyrrell Ford,1976
Rolf Stommelen STO,Brabham Alfa Romeo,1976
Hans Binder BIN,Ensign Ford,1976
Boy Hayje HAY,Penske Ford,1976
Conny Andersson AND,Surtees Ford,1976
Alex Ribeiro RIB,Hesketh Ford,1976
Warwick Brown BRO,Wolf-Williams,1976
Kazuyoshi Hoshino HOS,Tyrrell Ford,1976
Masahiro Hasemi HAS,Kojima Ford,1976
Noritake Takahara TAK,Surtees Ford,1976
Emerson Fittipaldi FIT,MCL,1975
James Hunt HUN,HES,1975
Carlos Reutemann REU,BRA,1975
Clay Regazzoni REG,FER,1975
Patrick Depailler DEP,TYR,1975
Niki Lauda LAU,FER,1975
Mark Donohue DON,PEN,1975
Jacky Ickx ICK,LOT,1975
Vittorio Brambilla BRA,MAR,1975
Graham Hill HIL,LOL,1975
Jody Scheckter SCH,TYR,1975
Tom Pryce PRY,SHA,1975
Rolf Stommelen STO,LOL,1975
Jochen Mass MAS,MCL,1975
Carlos Pace PAC,BRA,1975
Arturo Merzario MER,FRA,1975
Mario Andretti AND,PAR,1975
Mike Wilds WIL,BRM,1975
Ronnie Peterson PET,LOT,1975
Jacques Laffite LAF,FRA,1975
Wilson Fittipaldi FIT,FIT,1975
John Watson WAT,SUR,1975
Jean-Pierre Jarier JAR,SHA,1975
Bob Evans EVA,BRM,1975
Dave Charlton CHA,MCL,1975
Eddie Keizan KEI,LOT,1975
Guy Tunmer TUN,LOT,1975
Ian Scheckter SCH,TYR,1975
Lella Lombardi LOM,MAR,1975
Alan Jones JON,HES,1975
Francois Migault MIG,HIL,1975
Roelof Wunderink WUN,ENS,1975
Tony Brise BRI,FRA,1975
Damien Magee MAG,FRA,1975
Torsten Palm PAL,HES,1975
Vern Schuppan SCH,HIL,1975
Gijs van Lennep VAN,ENS,1975
Jean-Pierre Jabouille JAB,TYR,1975
Brian Henton HEN,LOT,1975
Dave Morgan MOR,SUR,1975
Hans-Joachim Stuck STU,MAR,1975
Jim Crawford CRA,LOT,1975
John Nicholson NIC,LYN,1975
Harald Ertl ERT,HES,1975
Brett Lunger LUN,HES,1975
Chris Amon AMO,ENS,1975
Jo Vonlanthen VON,FRA,1975
Renzo Zorzi ZOR,FRA,1975
Michel Leclere LEC,TYR,1975
Emerson Fittipaldi FIT,MCL,1975
James Hunt HUN,HES,1975
Carlos Reutemann REU,BRA,1975
Clay Regazzoni REG,FER,1975
Patrick Depailler DEP,TYR,1975
Niki Lauda LAU,FER,1975
Mark Donohue DON,PEN,1975
Jacky Ickx ICK,LOT,1975
Vittorio Brambilla BRA,MAR,1975
Graham Hill HIL,LOL,1975
Jody Scheckter SCH,TYR,1975
Tom Pryce PRY,SHA,1975
Rolf Stommelen STO,LOL,1975
Jochen Mass MAS,MCL,1975
Carlos Pace PAC,BRA,1975
Arturo Merzario MER,FRA,1975
Mario Andretti AND,PAR,1975
Mike Wilds WIL,BRM,1975
Ronnie Peterson PET,LOT,1975
Jacques Laffite LAF,FRA,1975
Wilson Fittipaldi FIT,FIT,1975
John Watson WAT,SUR,1975
Jean-Pierre Jarier JAR,SHA,1975
Bob Evans EVA,BRM,1975
Dave Charlton CHA,MCL,1975
Eddie Keizan KEI,LOT,1975
Guy Tunmer TUN,LOT,1975
Ian Scheckter SCH,TYR,1975
Lella Lombardi LOM,MAR,1975
Alan Jones JON,HES,1975
Francois Migault MIG,HIL,1975
Roelof Wunderink WUN,ENS,1975
Tony Brise BRI,FRA,1975
Damien Magee MAG,FRA,1975
Torsten Palm PAL,HES,1975
Vern Schuppan SCH,HIL,1975
Gijs van Lennep VAN,ENS,1975
Jean-Pierre Jabouille JAB,TYR,1975
Brian Henton HEN,LOT,1975
Dave Morgan MOR,SUR,1975
Hans-Joachim Stuck STU,MAR,1975
Jim Crawford CRA,LOT,1975
John Nicholson NIC,LYN,1975
Harald Ertl ERT,HES,1975
Brett Lunger LUN,HES,1975
Chris Amon AMO,ENS,1975
Jo Vonlanthen VON,FRA,1975
Renzo Zorzi ZOR,FRA,1975
Michel Leclere LEC,TYR,1975
Emerson Fittipaldi FIT,MCL,1975
James Hunt HUN,HES,1975
Carlos Reutemann REU,BRA,1975
Clay Regazzoni REG,FER,1975
Patrick Depailler DEP,TYR,1975
Niki Lauda LAU,FER,1975
Mark Donohue DON,PEN,1975
Jacky Ickx ICK,LOT,1975
Vittorio Brambilla BRA,MAR,1975
Graham Hill HIL,LOL,1975
Jody Scheckter SCH,TYR,1975
Tom Pryce PRY,SHA,1975
Rolf Stommelen STO,LOL,1975
Jochen Mass MAS,MCL,1975
Carlos Pace PAC,BRA,1975
Arturo Merzario MER,FRA,1975
Mario Andretti AND,PAR,1975
Mike Wilds WIL,BRM,1975
Ronnie Peterson PET,LOT,1975
Jacques Laffite LAF,FRA,1975
Wilson Fittipaldi FIT,FIT,1975
John Watson WAT,SUR,1975
Jean-Pierre Jarier JAR,SHA,1975
Bob Evans EVA,BRM,1975
Dave Charlton CHA,MCL,1975
Eddie Keizan KEI,LOT,1975
Guy Tunmer TUN,LOT,1975
Ian Scheckter SCH,TYR,1975
Lella Lombardi LOM,MAR,1975
Alan Jones JON,HES,1975
Francois Migault MIG,HIL,1975
Roelof Wunderink WUN,ENS,1975
Tony Brise BRI,FRA,1975
Damien Magee MAG,FRA,1975
Torsten Palm PAL,HES,1975
Vern Schuppan SCH,HIL,1975
Gijs van Lennep VAN,ENS,1975
Jean-Pierre Jabouille JAB,TYR,1975
Brian Henton HEN,LOT,1975
Dave Morgan MOR,SUR,1975
Hans-Joachim Stuck STU,MAR,1975
Jim Crawford CRA,LOT,1975
John Nicholson NIC,LYN,1975
Harald Ertl ERT,HES,1975
Brett Lunger LUN,HES,1975
Chris Amon AMO,ENS,1975
Jo Vonlanthen VON,FRA,1975
Renzo Zorzi ZOR,FRA,1975
Michel Leclere LEC,TYR,1975
Denny Hulme HUL,MCL,1974
Niki Lauda LAU,FER,1974
Clay Regazzoni REG,FER,1974
Mike Hailwood HAI,MCL,1974
Jean-Pierre Beltoise BEL,BRM,1974
Patrick Depailler DEP,TYR,1974
Carlos Reutemann REU,BRA,1974
Howden Ganley GAN,MAR,1974
Henri Pescarolo PES,BRM,1974
Emerson Fittipaldi FIT,MCL,1974
Guy Edwards EDW,LOL,1974
John Watson WAT,BRA,1974
Ronnie Peterson PET,LOT,1974
Graham Hill HIL,LOL,1974
Richard Robarts ROB,BRA,1974
Jacky Ickx ICK,LOT,1974
Hans-Joachim Stuck STU,MAR,1974
Francois Migault MIG,BRM,1974
Jody Scheckter SCH,TYR,1974
Carlos Pace PAC,SUR,1974
Arturo Merzario MER,ISO,1974
James Hunt HUN,MAR,1974
Jochen Mass MAS,SUR,1974
Peter Revson REV,SHA,1974
Jean-Pierre Jarier JAR,SHA,1974
Dave Charlton CHA,MCL,1974
Eddie Keizan KEI,TYR,1974
Ian Scheckter SCH,LOT,1974
Paddy Driver DRI,LOT,1974
Tom Belso BEL,ISO,1974
Vittorio Brambilla BRA,MAR,1974
Brian Redman RED,SHA,1974
Chris Amon AMO,AMO,1974
Rikky von Opel VON,BRA,1974
Tim Schenken SCH,TRO,1974
Gerard Larrousse LAR,BRA,1974
Gijs van Lennep VAN,ISO,1974
Teddy Pilette PIL,BRA,1974
Tom Pryce PRY,TOK,1974
Vern Schuppan SCH,ENS,1974
Bertil Roos ROO,SHA,1974
Leo Kinnunen KIN,SUR,1974
Reine Wisell WIS,MAR,1974
Peter Gethin GET,LOL,1974
Derek Bell BEL,SUR,1974
Ian Ashley ASH,TOK,1974
Jacques Laffite LAF,ISO,1974
David Hobbs HOB,MCL,1974
Dieter Quester QUE,SUR,1974
Rolf Stommelen STO,LOL,1974
Eppie Wietzes WIE,BRA,1974
Helmuth Koinigg KOI,SUR,1974
Mario Andretti AND,PAR,1974
Mark Donohue DON,PEN,1974
Jose Dolhem DOL,SUR,1974
Mike Wilds WIL,ENS,1974
Emerson Fittipaldi FIT,LOT,1973
Francois Cevert CEV,TYR,1973
Jackie Stewart STE,TYR,1973
Jacky Ickx ICK,FER,1973
Denny Hulme HUL,MCL,1973
Wilson Fittipaldi FIT,BRA,1973
Clay Regazzoni REG,BRM,1973
Peter Revson REV,MCL,1973
Arturo Merzario MER,FER,1973
Mike Beuttler BEU,MAR,1973
Jean-Pierre Jarier JAR,MAR,1973
Jean-Pierre Beltoise BEL,BRM,1973
Howden Ganley GAN,ISO,1973
Ronnie Peterson PET,LOT,1973
Niki Lauda LAU,BRM,1973
Carlos Reutemann REU,BRA,1973
Carlos Pace PAC,SUR,1973
Mike Hailwood HAI,SUR,1973
Nanni Galli GAL,ISO,1973
Luiz Bueno BUE,SUR,1973
Andrea de Adamich DEA,SUR,1973
Dave Charlton CHA,LOT,1973
Eddie Keizan KEI,TYR,1973
George Follmer FOL,SHA,1973
Jackie Oliver OLI,SHA,1973
Jackie Pretorius PRE,ISO,1973
Jody Scheckter SCH,MCL,1973
Graham Hill HIL,SHA,1973
Henri Pescarolo PES,MAR,1973
Chris Amon AMO,TEC,1973
David Purley PUR,MAR,1973
James Hunt HUN,MAR,1973
Reine Wisell WIS,MAR,1973
Rikky von Opel VON,ENS,1973
Graham McRae MCR,ISO,1973
Jochen Mass MAS,SUR,1973
John Watson WAT,BRA,1973
Roger Williamson WIL,MAR,1973
Gijs van Lennep VAN,ISO,1973
Rolf Stommelen STO,BRA,1973
Peter Gethin GET,BRM,1973
Tim Schenken SCH,ISO,1973
Brian Redman RED,SHA,1973
Jackie Stewart STE,TYR,1972
Denny Hulme HUL,MCL,1972
Jacky Ickx ICK,FER,1972
Clay Regazzoni REG,FER,1972
Tim Schenken SCH,SUR,1972
Ronnie Peterson PET,MAR,1972
Carlos Reutemann REU,BRA,1972
Henri Pescarolo PES,MAR,1972
Howden Ganley GAN,BRM,1972
Helmut Marko MAR,BRM,1972
Niki Lauda LAU,MAR,1972
Emerson Fittipaldi FIT,LOT,1972
Reine Wisell WIS,BRM,1972
Francois Cevert CEV,TYR,1972
Peter Revson REV,MCL,1972
Mario Andretti AND,FER,1972
Graham Hill HIL,BRA,1972
Andrea de Adamich DEA,SUR,1972
Dave Walker WAL,LOT,1972
Peter Gethin GET,BRM,1972
Alex Soler-Roig SOL,BRM,1972
Carlos Pace PAC,MAR,1972
Chris Amon AMO,MAT,1972
Dave Charlton CHA,LOT,1972
Jean-Pierre Beltoise BEL,BRM,1972
John Love LOV,SUR,1972
Mike Hailwood HAI,SUR,1972
Rolf Stommelen STO,EIF,1972
Wilson Fittipaldi FIT,BRA,1972
Brian Redman RED,MCL,1972
Mike Beuttler BEU,MAR,1972
Nanni Galli GAL,TEC,1972
Patrick Depailler DEP,TYR,1972
Arturo Merzario MER,FER,1972
Jackie Oliver OLI,BRM,1972
Derek Bell BEL,TEC,1972
Francois Migault MIG,CON,1972
John Surtees SUR,SUR,1972
Bill Brack BRA,BRM,1972
Skip Barber BAR,MAR,1972
Jody Scheckter SCH,MCL,1972
Sam Posey POS,SUR,1972
Mario Andretti AND,FER,1971
Jackie Stewart STE,TYR,1971
Clay Regazzoni REG,FER,1971
Reine Wisell WIS,LOT,1971
Chris Amon AMO,MAT,1971
Denny Hulme HUL,MCL,1971
Brian Redman RED,SUR,1971
Jacky Ickx ICK,FER,1971
Graham Hill HIL,BRA,1971
Ronnie Peterson PET,MAR,1971
Henri Pescarolo PES,MAR,1971
Rolf Stommelen STO,SUR,1971
Andrea de Adamich DEA,MAR,1971
Emerson Fittipaldi FIT,LOT,1971
John Surtees SUR,SUR,1971
Francois Cevert CEV,TYR,1971
Howden Ganley GAN,BRM,1971
Pedro Rodriguez ROD,BRM,1971
Jo Siffert SIF,BRM,1971
Dave Charlton CHA,BRA,1971
John Love LOV,MAR,1971
Jackie Pretorius PRE,BRA,1971
Peter Gethin GET,MCL,1971
Jo Bonnier BON,MCL,1971
Alex Soler-Roig SOL,MAR,1971
Jean-Pierre Beltoise BEL,MAT,1971
Tim Schenken SCH,BRA,1971
Dave Walker WAL,LOT,1971
Gijs van Lennep VAN,SUR,1971
Nanni Galli GAL,MAR,1971
Skip Barber BAR,MAR,1971
Francois Mazet MAZ,MAR,1971
Max Jean JEA,MAR,1971
Derek Bell BEL,SUR,1971
Jackie Oliver OLI,MCL,1971
Mike Beuttler BEU,MAR,1971
Vic Elford ELF,BRM,1971
Helmut Marko MAR,BRM,1971
Niki Lauda LAU,MAR,1971
Jean-Pierre Jarier JAR,MAR,1971
Mike Hailwood HAI,SUR,1971
Silvio Moser MOS,BEL,1971
George Eaton EAT,BRM,1971
Mark Donohue DON,MCL,1971
Pete Lovely LOV,LOT,1971
Chris Craft CRA,BRA,1971
David Hobbs HOB,MCL,1971
John Cannon CAN,BRM,1971
Peter Revson REV,TYR,1971
Sam Posey POS,SUR,1971
Jack Brabham BRA,BRA,1970
Denny Hulme HUL,MCL,1970
Jackie Stewart STE,MAR,1970
Jean-Pierre Beltoise BEL,MAT,1970
John Miles MIL,LOT,1970
Graham Hill HIL,LOT,1970
Henri Pescarolo PES,MAT,1970
John Love LOV,LOT,1970
Pedro Rodriguez ROD,BRM,1970
Jo Siffert SIF,MAR,1970
Peter de Klerk DEK,BRA,1970
Dave Charlton CHA,LOT,1970
Jochen Rindt RIN,LOT,1970
John Surtees SUR,MCL,1970
Jacky Ickx ICK,FER,1970
George Eaton EAT,BRM,1970
Johnny Servoz-Gavin SER,MAR,1970
Piers Courage COU,DE ,1970
Bruce McLaren MCL,MCL,1970
Mario Andretti AND,MAR,1970
Rolf Stommelen STO,BRA,1970
Jackie Oliver OLI,BRM,1970
Chris Amon AMO,MAR,1970
Ronnie Peterson PET,MAR,1970
Derek Bell BEL,BRA,1970
Ignazio Giunti GIU,FER,1970
Clay Regazzoni REG,FER,1970
Dan Gurney GUR,MCL,1970
Francois Cevert CEV,MAR,1970
Peter Gethin GET,MCL,1970
Andrea de Adamich DEA,MCL,1970
Emerson Fittipaldi FIT,LOT,1970
Pete Lovely LOV,LOT,1970
Silvio Moser MOS,BEL,1970
Tim Schenken SCH,DE ,1970
Gus Hutchison HUT,BRA,1970
Jo Bonnier BON,MCL,1970
Reine Wisell WIS,LOT,1970
Jackie Stewart STE,Matra Ford,1969
Graham Hill HIL,Lotus Ford,1969
Denny Hulme HUL,McLaren Ford,1969
Jo Siffert SIF,Lotus Ford,1969
Bruce McLaren MCL,McLaren Ford,1969
Jean-Pierre Beltoise BEL,Matra Ford,1969
Jackie Oliver OLI,BRM,1969
Sam Tingle TIN,Brabham Repco,1969
Peter de Klerk DEK,Brabham Repco,1969
Jochen Rindt RIN,Lotus Ford,1969
John Surtees SUR,BRM,1969
Pedro Rodriguez ROD,BRM,1969
Chris Amon AMO,Ferrari,1969
Jack Brabham BRA,Brabham Ford,1969
Mario Andretti AND,Lotus Ford,1969
John Love LOV,Lotus Ford,1969
Jacky Ickx ICK,Brabham Ford,1969
Basil van Rooyen VAN,McLaren Ford,1969
Piers Courage COU,Brabham Ford,1969
Richard Attwood ATT,Lotus Ford,1969
Silvio Moser MOS,Brabham Ford,1969
Vic Elford ELF,Cooper Maserati,1969
John Miles MIL,Lotus Ford,1969
Derek Bell BEL,McLaren Ford,1969
Jo Bonnier BON,Lotus Ford,1969
Francois Cevert CEV,0,1969
Henri Pescarolo PES,0,1969
Johnny Servoz-Gavin SER,0,1969
Kurt Ahrens AHR,0,1969
Peter Westbury WES,0,1969
Rolf Stommelen STO,0,1969
Xavier Perrot PER,0,1969
Al Pease PEA,Eagle Climax,1969
Bill Brack BRA,BRM,1969
John Cordts COR,Brabham Climax,1969
Pete Lovely LOV,Lotus Ford,1969
George Eaton EAT,BRM,1969
Jim Clark CLA,LOT,1968
Graham Hill HIL,LOT,1968
Jochen Rindt RIN,BRA,1968
Chris Amon AMO,FER,1968
Denny Hulme HUL,MCL,1968
Jean-Pierre Beltoise BEL,MAT,1968
Jo Siffert SIF,COO,1968
John Surtees SUR,HON,1968
John Love LOV,BRA,1968
Jackie Pretorius PRE,BRA,1968
Dan Gurney GUR,EAG,1968
Jacky Ickx ICK,FER,1968
Jo Bonnier BON,COO,1968
Jackie Stewart STE,MAT,1968
Sam Tingle TIN,LDS,1968
Basil van Rooyen VAN,COO,1968
Pedro Rodriguez ROD,BRM,1968
Jack Brabham BRA,BRA,1968
Andrea de Adamich DEA,FER,1968
Mike Spence SPE,BRM,1968
Brian Redman RED,COO,1968
Dave Charlton CHA,BRA,1968
Ludovico Scarfiotti SCA,COO,1968
Bruce McLaren MCL,MCL,1968
Piers Courage COU,BRM,1968
Jackie Oliver OLI,LOT,1968
Johnny Servoz-Gavin SER,MAT,1968
Lucien Bianchi BIA,COO,1968
Richard Attwood ATT,BRM,1968
Silvio Moser MOS,BRA,1968
Jo Schlesser SCH,HON,1968
Vic Elford ELF,COO,1968
Robin Widdows WID,COO,1968
Hubert Hahne HAH,LOL,1968
Kurt Ahrens AHR,BRA,1968
David Hobbs HOB,HON,1968
Derek Bell BEL,FER,1968
Bill Brack BRA,LOT,1968
Henri Pescarolo PES,MAT,1968
Bobby Unser UNS,BRM,1968
Mario Andretti AND,LOT,1968
Moises Solana SOL,LOT,1968
Pedro Rodriguez ROD,Cooper Maserati,1967
John Love LOV,Cooper Climax,1967
John Surtees SUR,Honda,1967
Denny Hulme HUL,Brabham Repco,1967
Bob Anderson AND,Brabham Climax,1967
Jack Brabham BRA,Brabham Repco,1967
Dave Charlton CHA,Brabham Climax,1967
Luki Botha BOT,Brabham Climax,1967
Sam Tingle TIN,LDS Climax,1967
Piers Courage COU,Lotus BRM,1967
Dan Gurney GUR,Eagle Climax,1967
Jo Siffert SIF,Cooper Maserati,1967
Jochen Rindt RIN,Cooper Maserati,1967
Mike Spence SPE,BRM,1967
Jo Bonnier BON,Cooper Maserati,1967
Jim Clark CLA,Lotus BRM,1967
Graham Hill HIL,Lotus BRM,1967
Jackie Stewart STE,BRM,1967
Bruce McLaren MCL,McLaren BRM,1967
Chris Amon AMO,Ferrari,1967
Johnny Servoz-Gavin SER,Matra Ford,1967
Lorenzo Bandini BAN,Ferrari,1967
Chris Irwin IRW,Lotus BRM,1967
Ludovico Scarfiotti SCA,Ferrari,1967
Mike Parkes PAR,Ferrari,1967
Guy Ligier LIG,Cooper Maserati,1967
Alan Rees REE,Cooper Maserati,1967
David Hobbs HOB,BRM,1967
Silvio Moser MOS,Cooper ATS,1967
Brian Hart HAR,0,1967
Gerhard Mitter MIT,0,1967
Hubert Hahne HAH,Lola BMW,1967
Jackie Oliver OLI,0,1967
Jacky Ickx ICK,0,1967
Jo Schlesser SCH,0,1967
Kurt Ahrens AHR,0,1967
Al Pease PEA,Eagle Climax,1967
Eppie Wietzes WIE,Lotus Ford,1967
Mike Fisher FIS,Lotus BRM,1967
Richard Attwood ATT,Cooper Maserati,1967
Giancarlo Baghetti BAG,Lotus Ford,1967
Jean-Pierre Beltoise BEL,Matra Ford,1967
Moises Solana SOL,Lotus Ford,1967
Jonathan Williams WIL,Ferrari,1967
Jackie Stewart STE,BRM,1966
Lorenzo Bandini BAN,Ferrari,1966
Graham Hill HIL,BRM,1966
Bob Bondurant BON,BRM,1966
Richie Ginther GIN,Cooper Maserati,1966
Guy Ligier LIG,Cooper Maserati,1966
Jo Bonnier BON,Cooper Maserati,1966
Jim Clark CLA,Lotus Climax,1966
Jochen Rindt RIN,Cooper Maserati,1966
Jo Siffert SIF,Brabham BRM,1966
Mike Spence SPE,Lotus BRM,1966
Jack Brabham BRA,Brabham Repco,1966
John Surtees SUR,Ferrari,1966
Denny Hulme HUL,Brabham Climax,1966
Bruce McLaren MCL,McLaren Ford,1966
Bob Anderson AND,Brabham Climax,1966
Dan Gurney GUR,Eagle Climax,1966
Chris Amon AMO,Cooper Maserati,1966
John Taylor TAY,Brabham BRM,1966
Mike Parkes PAR,Ferrari,1966
Pedro Rodriguez ROD,Lotus Climax,1966
Peter Arundell ARU,Lotus BRM,1966
Chris Irwin IRW,Brabham Climax,1966
Chris Lawrence LAW,Cooper Ferrari,1966
Trevor Taylor TAY,Shannon Climax,1966
Alan Rees REE,Brabham Climax,1966
Hans Herrmann HER,Brabham Repco,1966
Hubert Hahne HAH,Matra BRM,1966
Jacky Ickx ICK,Matra Cosworth,1966
Jean-Pierre Beltoise BEL,0,1966
Jo Schlesser SCH,0,1966
Kurt Ahrens AHR,Brabham Climax,1966
Ludovico Scarfiotti SCA,Ferrari,1966
Piers Courage COU,Lotus BRM,1966
Giacomo Russo RUS,Lotus Climax,1966
Giancarlo Baghetti BAG,Ferrari,1966
Innes Ireland IRE,BRM,1966
Ronnie Bucknum BUC,Honda,1966
Moises Solana SOL,Cooper Maserati,1966
Jim Clark CLA,LOT,1966
Jim Clark CLA,LOT,1965
John Surtees SUR,FER,1965
Graham Hill HIL,BRM,1965
Mike Spence SPE,LOT,1965
Bruce McLaren MCL,COO,1965
Jackie Stewart STE,BRM,1965
Jo Siffert SIF,BRA,1965
Jack Brabham BRA,BRA,1965
Paul Hawkins HAW,BRA,1965
Peter de Klerk DEK,ALF,1965
Tony Maggs MAG,LOT,1965
Frank Gardner GAR,BRA,1965
Sam Tingle TIN,LDS,1965
David Prophet PRO,BRA,1965
Lorenzo Bandini BAN,FER,1965
Bob Anderson AND,BRA,1965
Jo Bonnier BON,BRA,1965
Jochen Rindt RIN,COO,1965
John Love LOV,COO,1965
Dan Gurney GUR,BRA,1965
Denny Hulme HUL,BRA,1965
Mike Hailwood HAI,LOT,1965
Richard Attwood ATT,LOT,1965
Richie Ginther GIN,HON,1965
Ronnie Bucknum BUC,HON,1965
Innes Ireland IRE,LOT,1965
Lucien Bianchi BIA,BRM,1965
Masten Gregory GRE,BRM,1965
Chris Amon AMO,LOT,1965
Ian Raby RAB,BRA,1965
John Rhodes RHO,COO,1965
Gerhard Mitter MIT,LOT,1965
Giacomo Russo RUS,LOT,1965
Giancarlo Baghetti BAG,BRA,1965
Giorgio Bassi BAS,BRM,1965
Nino Vaccarella VAC,FER,1965
Roberto Bussinello BUS,BRM,1965
Bob Bondurant BON,FER,1965
Moises Solana SOL,LOT,1965
Pedro Rodriguez ROD,FER,1965
Graham Hill HIL,BRM,1964
Richie Ginther GIN,BRM,1964
Peter Arundell ARU,LOT,1964
Jim Clark CLA,LOT,1964
Jo Bonnier BON,COO,1964
Mike Hailwood HAI,LOT,1964
Bob Anderson AND,BRA,1964
Jo Siffert SIF,LOT,1964
Phil Hill HIL,COO,1964
Lorenzo Bandini BAN,FER,1964
Dan Gurney GUR,BRA,1964
Maurice Trintignant TRI,BRM,1964
Jack Brabham BRA,BRA,1964
Bruce McLaren MCL,COO,1964
John Surtees SUR,FER,1964
Trevor Taylor TAY,BRP,1964
Carel Godin de Beaufort DEB,POR,1964
Chris Amon AMO,LOT,1964
Giancarlo Baghetti BAG,BRM,1964
Andre Pilette PIL,SCI,1964
Innes Ireland IRE,BRP,1964
Peter Revson REV,LOT,1964
Frank Gardner GAR,BRA,1964
Ian Raby RAB,BRA,1964
John Taylor TAY,COO,1964
Mike Spence SPE,LOT,1964
Tony Maggs MAG,BRM,1964
Edgar Barth BAR,COO,1964
Gerhard Mitter MIT,LOT,1964
Ronnie Bucknum BUC,HON,1964
Jochen Rindt RIN,BRA,1964
Ludovico Scarfiotti SCA,FER,1964
Mario de Araujo Cabral DEA,DER,1964
Hap Sharp SHA,BRA,1964
Jim Clark CLA,LOT,1964
Mike Spence SPE,LOT,1964
Walt Hansgen HAN,LOT,1964
Moises Solana SOL,LOT,1964
Pedro Rodriguez ROD,FER,1964
Graham Hill HIL,BRM,1963
Richie Ginther GIN,BRM,1963
Bruce McLaren MCL,Cooper Climax,1963
John Surtees SUR,Ferrari,1963
Tony Maggs MAG,Cooper Climax,1963
Trevor Taylor TAY,Lotus Climax,1963
Jo Bonnier BON,Cooper Climax,1963
Jim Clark CLA,Lotus Climax,1963
Jack Brabham BRA,Lotus Climax,1963
Innes Ireland IRE,Lotus BRM,1963
Willy Mairesse MAI,Ferrari,1963
Maurice Trintignant TRI,Lola Climax,1963
Dan Gurney GUR,Brabham Climax,1963
Jim Hall HAL,Lotus BRM,1963
Jo Siffert SIF,Lotus BRM,1963
Carel Godin de Beaufort DEB,Porsche,1963
Chris Amon AMO,Lola Climax,1963
Giancarlo Baghetti BAG,ATS,1963
Lucien Bianchi BIA,Lola Climax,1963
Phil Hill HIL,ATS,1963
Tony Settember SET,Scirocco BRM,1963
Gerhard Mitter MIT,Porsche,1963
Ludovico Scarfiotti SCA,Ferrari,1963
Lorenzo Bandini BAN,BRM,1963
Masten Gregory GRE,0,1963
Bob Anderson AND,Lola Climax,1963
Ian Burgess BUR,Scirocco BRM,1963
Ian Raby RAB,Gilby BRM,1963
John Campbell-Jones CAM,Lola Climax,1963
Mike Hailwood HAI,Lotus Climax,1963
Bernard Collomb COL,Lotus Climax,1963
Mario de Araujo Cabral DEA,Cooper Climax,1963
Mike Spence SPE,Lotus Climax,1963
Hap Sharp SHA,Lotus BRM,1963
Pedro Rodriguez ROD,Lotus Climax,1963
Peter Broeker BRO,Stebro Ford,1963
Rodger Ward WAR,Lotus BRM,1963
Moises Solana SOL,BRM,1963
Brausch Niemann NIE,Lotus Ford,1963
David Prophet PRO,Brabham Ford,1963
Doug Serrurier SER,LDS Alfa Romeo,1963
Ernie Pieterse PIE,Lotus Climax,1963
John Love LOV,Cooper Climax,1963
Peter de Klerk DEK,Alfa Romeo,1963
Sam Tingle TIN,LDS Alfa Romeo,1963
Trevor Blokdyk BLO,Cooper Maserati,1963
Graham Hill HIL,BRM,1962
Trevor Taylor TAY,LOT,1962
Phil Hill HIL,FER,1962
Giancarlo Baghetti BAG,FER,1962
Tony Maggs MAG,COO,1962
Carel Godin de Beaufort DEB,POR,1962
Jo Bonnier BON,POR,1962
Ricardo Rodriguez ROD,FER,1962
Richie Ginther GIN,BRM,1962
Jackie Lewis LEW,COO,1962
Jim Clark CLA,LOT,1962
Innes Ireland IRE,LOT,1962
Masten Gregory GRE,LOT,1962
Wolfgang Seidel SEI,EME,1962
Dan Gurney GUR,POR,1962
Bruce McLaren MCL,COO,1962
Roy Salvadori SAL,LOL,1962
John Surtees SUR,LOL,1962
Jack Brabham BRA,LOT,1962
Ben Pon PON,POR,1962
Lorenzo Bandini BAN,FER,1962
Maurice Trintignant TRI,LOT,1962
Willy Mairesse MAI,FER,1962
Jo Siffert SIF,LOT,1962
John Campbell-Jones CAM,LOT,1962
Lucien Bianchi BIA,LOT,1962
Ian Burgess BUR,COO,1962
Jay Chamberlain CHA,LOT,1962
Tony Settember SET,EME,1962
Tony Shelly SHE,LOT,1962
Bernard Collomb COL,COO,1962
Heini Walter WAL,POR,1962
Heinz Schiller SCH,LOT,1962
Keith Greene GRE,GIL,1962
Nino Vaccarella VAC,POR,1962
Hap Sharp SHA,COO,1962
Rob Schroeder SCH,LOT,1962
Roger Penske PEN,LOT,1962
Timmy Mayer MAY,COO,1962
Bruce Johnstone JOH,BRM,1962
Doug Serrurier SER,LDS,1962
Ernie Pieterse PIE,LOT,1962
John Love LOV,COO,1962
Mike Harris HAR,COO,1962
Neville Lederle LED,LOT,1962
Stirling Moss MOS,LOT,1961
Richie Ginther GIN,FER,1961
Phil Hill HIL,FER,1961
Wolfgang von Trips VON,FER,1961
Dan Gurney GUR,POR,1961
Bruce McLaren MCL,COO,1961
Maurice Trintignant TRI,COO,1961
Cliff Allison ALL,LOT,1961
Hans Herrmann HER,POR,1961
Jim Clark CLA,LOT,1961
John Surtees SUR,COO,1961
Jo Bonnier BON,POR,1961
Tony Brooks BRO,BRM,1961
Michael May MAY,LOT,1961
Jack Brabham BRA,COO,1961
Graham Hill HIL,BRM,1961
Carel Godin de Beaufort DEB,POR,1961
Trevor Taylor TAY,LOT,1961
Innes Ireland IRE,LOT,1961
Jackie Lewis LEW,COO,1961
Lorenzo Bandini BAN,COO,1961
Lucien Bianchi BIA,LOT,1961
Masten Gregory GRE,COO,1961
Olivier Gendebien GEN,FER,1961
Willy Mairesse MAI,LOT,1961
Bernard Collomb COL,COO,1961
Giancarlo Baghetti BAG,FER,1961
Giorgio Scarlatti SCA,DE ,1961
Henry Taylor TAY,LOT,1961
Ian Burgess BUR,LOT,1961
Roy Salvadori SAL,COO,1961
Gerry Ashmore ASH,LOT,1961
Jack Fairman FAI,FER,1961
Keith Greene GRE,GIL,1961
Massimo Natili NAT,COO,1961
Stirling Moss MOS,LOT,1961
Tim Parnell PAR,LOT,1961
Tony Maggs MAG,LOT,1961
Tony Marsh MAR,LOT,1961
Wolfgang Seidel SEI,LOT,1961
Brian Naylor NAY,JBW,1961
Gaetano Starrabba STA,LOT,1961
Nino Vaccarella VAC,DE ,1961
Renato Pirocchi PIR,COO,1961
Ricardo Rodriguez ROD,FER,1961
Roberto Bussinello BUS,DE ,1961
Roberto Lippi LIP,DE ,1961
Hap Sharp SHA,COO,1961
Jim Hall HAL,LOT,1961
Lloyd Ruby RUB,LOT,1961
Masten Gregory GRE,LOT,1961
Peter Ryan RYA,LOT,1961
Roger Penske PEN,COO,1961
Walt Hansgen HAN,COO,1961
